<?xml version="1.0" encoding="UTF-8"?>
<metadata>
	<idinfo>
		<citation>
			<citeinfo>
				<origin>OCHA PAKISTAN</origin>
				<pubdate>24 March 2011</pubdate>
				<title>Pak_adm1_pco_20110324</title>
				<geoform>vector digital data</geoform>
				<serinfo>
					<sername>Pakistan Administrative Boundaries (PCO)</sername>
					<issue>V 1.2</issue>
				</serinfo>
				<pubinfo>
					<pubplace>Islamabad</pubplace>
					<publish>OCHA - Pakistan</publish>
				</pubinfo>
				<onlink>http:\\pakresponse.info</onlink>
				<ftname Sync="TRUE">Pak_adm1_pco_20110324</ftname></citeinfo>
		</citation>
		<descript>
			<abstract>Level 1 (Provinces) of Pakistan (Country wide coverage)</abstract>
			<purpose>Create a country wide administrative boundary dataset based on PCO (Population Census Organisation) data.</purpose>
			<supplinf>This dataset fits to GAUL (Global Administrative Unit Layer) level 0 boundaries and holds the PCO (Population Census Organisation) administrative boundaries, level 1</supplinf>
			<langdata Sync="TRUE">en</langdata></descript>
		<timeperd>
			<timeinfo>
				<sngdate>
					<caldate>24 March 2011</caldate>
				</sngdate>
			</timeinfo>
			<current>publication date</current>
		</timeperd>
		<status>
			<progress>In work</progress>
			<update>Continually</update>
		</status>
		<spdom>
			<bounding>
				<westbc>60.878597</westbc>
				<eastbc>79.307352</eastbc>
				<northbc>37.089424</northbc>
				<southbc>23.694683</southbc>
			</bounding>
			<lboundng><leftbc Sync="TRUE">60.878597</leftbc><rightbc Sync="TRUE">79.307352</rightbc><bottombc Sync="TRUE">23.694683</bottombc><topbc Sync="TRUE">37.089424</topbc></lboundng></spdom>
		<keywords>
			<theme>
				<themekt>Level 1</themekt>
				<themekey>Pakistan Administrative Boundary</themekey>
			</theme>
		</keywords>
		<accconst>Not for resale, freely available for the Humanitarian Community</accconst>
		<useconst>
For use by the Humanitarian community.
GAUL, OCHA and PCO  are credited as the source of the data on any maps produced using this data.
</useconst>
		<ptcontac>
			<cntinfo>
				<cntorgp>
					<cntorg>OCHA PAKISTAN</cntorg>
					<cntper>OCHA GIS UNIT</cntper>
				</cntorgp>
				<cntemail>gis.ocha.pk@gmail.com</cntemail>
			</cntinfo>
		</ptcontac>
		<datacred>OCHA (Office for Coordination of Humanitarian Affairs), PCO (Population census Organisation), GAUL (Global Administrative Unit Layer).</datacred>
		<native>Microsoft Windows 7 ; ESRI ArcCatalog 9.3.1.3000</native>
		<natvform Sync="TRUE">Shapefile</natvform></idinfo>
	<dataqual>
		<lineage>
			<srcinfo>
				<srcscale>Variable</srcscale>
				<typesrc>paper</typesrc>
				<srccitea>GAUL, OCHA, PCO</srccitea>
				<srccontr>
Population Census Organistation
Office for Coordination of Humanitarian Affairs - Pakistan
Global Administrative Unit Layer (FAO)
</srccontr>
			</srcinfo>
			<procstep>
				<procdesc>Dataset copied.</procdesc>
				<srcused>D:\GIS\Mauza's\PCO_Admin1_2_3_Boundaries\admin 1 2 3 fitted to GAUL 0\Pak_adm3_pco_coded_20110223_GAP_eliminate</srcused>
				<procdate>20110324</procdate>
				<proctime>09225400</proctime>
			</procstep>
			<procstep>
				<procdesc>Dataset copied.</procdesc>
				<srcused></srcused>
				<procdate>20110301</procdate>
				<proctime>17352200</proctime>
			</procstep>
			<procstep>
				<procdesc>Dataset moved.</procdesc>
				<srcused>C:\PCO\Pakistan_Boundaries\Pak_adm3_pco_coded_FATA_20111</srcused>
				<procdate>20110301</procdate>
				<proctime>18130600</proctime>
			</procstep>
			<procstep>
				<procdesc>Dataset copied.</procdesc>
				<srcused>C:\PCO\Pakistan_Boundaries\Edits\Pak_adm3_pco_coded_FATA_2010203</srcused>
				<procdate>20110303</procdate>
				<proctime>15480900</proctime>
			</procstep>
			<procstep>
				<procdesc>Dataset copied.</procdesc>
				<srcused>C:\PCO\Pakistan_Boundaries\Pak_adm3_pco_coded_FATA_2010203</srcused>
				<procdate>20110304</procdate>
				<proctime>09514300</proctime>
			</procstep>
			<procstep><procdesc Sync="TRUE">Metadata imported.</procdesc><srcused Sync="TRUE">C:\Users\Bernard\AppData\Local\Temp\xml143E.tmp</srcused><procdate Sync="TRUE">20110328</procdate><proctime Sync="TRUE">13050400</proctime></procstep></lineage>
	</dataqual>
	<spdoinfo>
		<direct>Vector</direct>
		<ptvctinf><esriterm Name="Pak_adm1_pco_20110324"><efeatyp Sync="TRUE">Simple</efeatyp><efeageom Sync="TRUE">4</efeageom><esritopo Sync="TRUE">FALSE</esritopo><efeacnt Sync="TRUE">0</efeacnt><spindex Sync="TRUE">TRUE</spindex><linrefer Sync="TRUE">FALSE</linrefer></esriterm></ptvctinf></spdoinfo>
	<spref>
		<horizsys>
			<geograph>
				<latres>0.000000</latres>
				<longres>0.000000</longres>
				<geogunit>Decimal degrees</geogunit>
			</geograph>
			<geodetic>
				<horizdn>D_WGS_1984</horizdn>
				<ellips>WGS_1984</ellips>
				<semiaxis>6378137.000000</semiaxis>
				<denflat>298.257224</denflat>
			</geodetic>
			<cordsysn><geogcsn Sync="TRUE">GCS_WGS_1984</geogcsn></cordsysn></horizsys>
	</spref>
	<eainfo>
		<detailed Name="Pak_adm1_pco_20110324">
			<enttyp>
				<enttypl>Pak_adm1_pco_20110303</enttypl>
				<enttypt Sync="TRUE">Feature Class</enttypt><enttypc Sync="TRUE">0</enttypc></enttyp>
			<attr><attrlabl Sync="TRUE">OBJECTID</attrlabl><attalias Sync="TRUE">OBJECTID</attalias><attrtype Sync="TRUE">OID</attrtype><attwidth Sync="TRUE">4</attwidth><atprecis Sync="TRUE">0</atprecis><attscale Sync="TRUE">0</attscale><attrdef Sync="TRUE">Internal feature number.</attrdef><attrdefs Sync="TRUE">ESRI</attrdefs><attrdomv><udom Sync="TRUE">Sequential unique whole numbers that are automatically generated.</udom></attrdomv></attr><attr>
				<attrlabl>Shape</attrlabl>
				<attrdef>Feature geometry.</attrdef>
				<attrdefs>ESRI</attrdefs>
				<attrdomv>
					<udom>Coordinates defining the features.</udom>
				</attrdomv>
				<attalias Sync="TRUE">Shape</attalias><attrtype Sync="TRUE">Geometry</attrtype><attwidth Sync="TRUE">0</attwidth><atprecis Sync="TRUE">0</atprecis><attscale Sync="TRUE">0</attscale></attr>
			<attr>
				<attrlabl>PROVINCE</attrlabl>
				<attalias Sync="TRUE">PROVINCE</attalias><attrtype Sync="TRUE">String</attrtype><attwidth Sync="TRUE">30</attwidth><atprecis Sync="TRUE">0</atprecis><attscale Sync="TRUE">0</attscale></attr>
			<attr>
				<attrlabl>PROVINCE_C</attrlabl>
				<attalias Sync="TRUE">PROVINCE_C</attalias><attrtype Sync="TRUE">Double</attrtype><attwidth Sync="TRUE">8</attwidth><atprecis Sync="TRUE">0</atprecis><attscale Sync="TRUE">0</attscale></attr>
			<attr><attrlabl Sync="TRUE">Shape_Length</attrlabl><attalias Sync="TRUE">Shape_Length</attalias><attrtype Sync="TRUE">Double</attrtype><attwidth Sync="TRUE">8</attwidth><atprecis Sync="TRUE">0</atprecis><attscale Sync="TRUE">0</attscale><attrdef Sync="TRUE">Length of feature in internal units.</attrdef><attrdefs Sync="TRUE">ESRI</attrdefs><attrdomv><udom Sync="TRUE">Positive real numbers that are automatically generated.</udom></attrdomv></attr><attr><attrlabl Sync="TRUE">Shape_Area</attrlabl><attalias Sync="TRUE">Shape_Area</attalias><attrtype Sync="TRUE">Double</attrtype><attwidth Sync="TRUE">8</attwidth><atprecis Sync="TRUE">0</atprecis><attscale Sync="TRUE">0</attscale><attrdef Sync="TRUE">Area of feature in internal units squared.</attrdef><attrdefs Sync="TRUE">ESRI</attrdefs><attrdomv><udom Sync="TRUE">Positive real numbers that are automatically generated.</udom></attrdomv></attr></detailed>
	</eainfo>
	<distinfo>
		<distrib>
			<cntinfo>
				<cntorgp>
					<cntorg>OCHA PAKISTAN</cntorg>
					<cntper>GIS UNIT</cntper>
				</cntorgp>
				<cntemail>gis.ocha.pk@gmail.com</cntemail>
			</cntinfo>
		</distrib>
		<resdesc>Downloadable Data</resdesc>
		<stdorder>
			<digform>
				<digtinfo>
					<transize>0.308</transize>
					<dssize Sync="TRUE">0.237</dssize></digtinfo>
			</digform>
		</stdorder>
	</distinfo>
	<metainfo>
		<metd>20110308</metd>
		<metrd>20110307</metrd>
		<metfrd>On Editing</metfrd>
		<metc>
			<cntinfo>
				<cntorgp>
					<cntorg>OCHA Pakistan</cntorg>
					<cntper>OCHA PAKISTAN GIS UNIT</cntper>
				</cntorgp>
				<cntpos>GIS UNIT</cntpos>
				<cntaddr>
					<addrtype>REQUIRED: The mailing and/or physical address for the organization or individual.</addrtype>
					<city>REQUIRED: The city of the address.</city>
					<state>REQUIRED: The state or province of the address.</state>
					<postal>REQUIRED: The ZIP or other postal code of the address.</postal>
				</cntaddr>
				<cntemail>gis.ocha.pk@gmail.com</cntemail>
				<cntvoice>REQUIRED: The telephone number by which individuals can speak to the organization or individual.</cntvoice></cntinfo>
		</metc>
		<metstdn>FGDC Content Standards for Digital Geospatial Metadata</metstdn>
		<metstdv>FGDC-STD-001-1998</metstdv>
		<mettc>local time</mettc>
		<metextns>
			<onlink>http://www.esri.com/metadata/esriprof80.html</onlink>
			<metprof>ESRI Metadata Profile</metprof>
		</metextns>
		<langmeta Sync="TRUE">en</langmeta></metainfo>
	<Esri><CreaDate>20240112</CreaDate><CreaTime>16210600</CreaTime><SyncOnce>FALSE</SyncOnce><SyncDate>20110426</SyncDate><SyncTime>15261200</SyncTime><ModDate>20110426</ModDate><ModTime>15261200</ModTime><DataProperties><itemProps><itemName Sync="TRUE">Pak_adm1_pco_20110324</itemName><imsContentType Sync="TRUE">002</imsContentType><itemLocation><linkage Sync="TRUE">file://\\LMKR-GIS-19\Users\lmkr2124\AppData\Roaming\ESRI\Desktop10.0\Package\pakistan_admin_boundries\v10\arcsde_data0.gdb</linkage><protocol Sync="TRUE">Local Area Network</protocol></itemLocation></itemProps><coordRef><type Sync="TRUE">Geographic</type><geogcsn Sync="TRUE">GCS_WGS_1984</geogcsn><peXml Sync="TRUE">&lt;GeographicCoordinateSystem xsi:type='typens:GeographicCoordinateSystem' xmlns:xsi='http://www.w3.org/2001/XMLSchema-instance' xmlns:xs='http://www.w3.org/2001/XMLSchema' xmlns:typens='http://www.esri.com/schemas/ArcGIS/10.0'&gt;&lt;WKT&gt;GEOGCS[&amp;quot;GCS_WGS_1984&amp;quot;,DATUM[&amp;quot;D_WGS_1984&amp;quot;,SPHEROID[&amp;quot;WGS_1984&amp;quot;,6378137.0,298.257223563]],PRIMEM[&amp;quot;Greenwich&amp;quot;,0.0],UNIT[&amp;quot;Degree&amp;quot;,0.0174532925199433],AUTHORITY[&amp;quot;EPSG&amp;quot;,4326]]&lt;/WKT&gt;&lt;XOrigin&gt;-399.99999999999989&lt;/XOrigin&gt;&lt;YOrigin&gt;-399.99999999999989&lt;/YOrigin&gt;&lt;XYScale&gt;1000000000.0000001&lt;/XYScale&gt;&lt;ZOrigin&gt;-100000&lt;/ZOrigin&gt;&lt;ZScale&gt;10000&lt;/ZScale&gt;&lt;MOrigin&gt;-100000&lt;/MOrigin&gt;&lt;MScale&gt;10000&lt;/MScale&gt;&lt;XYTolerance&gt;8.9831528411952133e-009&lt;/XYTolerance&gt;&lt;ZTolerance&gt;0.001&lt;/ZTolerance&gt;&lt;MTolerance&gt;0.001&lt;/MTolerance&gt;&lt;HighPrecision&gt;true&lt;/HighPrecision&gt;&lt;LeftLongitude&gt;-180&lt;/LeftLongitude&gt;&lt;WKID&gt;4326&lt;/WKID&gt;&lt;/GeographicCoordinateSystem&gt;</peXml></coordRef><lineage><Process ToolSource="C:\Program Files\ArcGIS\Desktop10.0\ArcToolbox\Toolboxes\Data Management Tools.tbx\CopyFeatures" Date="20110426" Time="152614">CopyFeatures C:\Users\lmkr2124\Downloads\Pak_adm1_pco_20110324.shp D:\pwd\HealthGDB.gdb\Admin_Boundries\Pak_adm1_pco_20110324 # 0 0 0</Process><Process ToolSource="c:\program files (x86)\arcgis\desktop10.1\ArcToolbox\Toolboxes\Data Management Tools.tbx\EnableAttachments" Date="20130530" Time="055530">EnableAttachments "E:\BooKs &amp; Notes\MAster it\Pakistan Data\pakistan_admin_boundries\v10\SDE.adm1_province.lyr"</Process></lineage></DataProperties><ArcGISFormat>1.0</ArcGISFormat><ArcGISstyle>FGDC CSDGM Metadata</ArcGISstyle></Esri><dataIdInfo><envirDesc Sync="TRUE">Microsoft Windows Server 2008 R2 Version 6.1 (Build 7600) ; ESRI ArcGIS 10.0.0.2414</envirDesc><dataLang><languageCode Sync="TRUE" value="eng" country="USA"></languageCode></dataLang><idCitation><resTitle Sync="TRUE">Pak_adm1_pco_20110324</resTitle><presForm><PresFormCd Sync="TRUE" value="005"></PresFormCd></presForm></idCitation><spatRpType><SpatRepTypCd Sync="TRUE" value="001"></SpatRepTypCd></spatRpType><dataExt><geoEle><GeoBndBox esriExtentType="native"><westBL Sync="TRUE">60.878597</westBL><eastBL Sync="TRUE">79.307352</eastBL><northBL Sync="TRUE">37.089424</northBL><southBL Sync="TRUE">23.694683</southBL><exTypeCode Sync="TRUE">1</exTypeCode></GeoBndBox></geoEle></dataExt><geoBox esriExtentType="decdegrees"><westBL Sync="TRUE">60.878597</westBL><eastBL Sync="TRUE">79.307352</eastBL><northBL Sync="TRUE">37.089424</northBL><southBL Sync="TRUE">23.694683</southBL><exTypeCode Sync="TRUE">1</exTypeCode></geoBox><descKeys><thesaName uuidref="723f6998-058e-11dc-8314-0800200c9a66"></thesaName><keyword Sync="TRUE">002</keyword></descKeys></dataIdInfo><mdLang><languageCode Sync="TRUE" value="eng"></languageCode></mdLang><mdStanName Sync="TRUE">ISO 19115 Geographic Information - Metadata</mdStanName><mdStanVer Sync="TRUE">DIS_ESRI1.0</mdStanVer><mdChar><CharSetCd Sync="TRUE" value="004"></CharSetCd></mdChar><mdHrLv><ScopeCd Sync="TRUE" value="005"></ScopeCd></mdHrLv><mdHrLvName Sync="TRUE">dataset</mdHrLvName><distInfo><distributor><distorTran><onLineSrc><orDesc Sync="TRUE">002</orDesc><linkage Sync="TRUE">file://\\172.18.155.152\information management\admin1_5_pco_20110303\Pak_adm1_pco_20110324.shp</linkage><protocol Sync="TRUE">Local Area Network</protocol></onLineSrc><transSize Sync="TRUE">0.237</transSize></distorTran><distorFormat><formatName Sync="TRUE">Shapefile</formatName></distorFormat></distributor><distFormat><formatName Sync="TRUE">File Geodatabase Feature Class</formatName></distFormat></distInfo><refSysInfo><RefSystem><refSysID><identCode Sync="TRUE" code="4326">GCS_WGS_1984</identCode><idCodeSpace Sync="TRUE">EPSG</idCodeSpace><idVersion Sync="TRUE">7.4.1</idVersion></refSysID></RefSystem></refSysInfo><spatRepInfo><VectSpatRep><topLvl><TopoLevCd Sync="TRUE" value="001"></TopoLevCd></topLvl><geometObjs Name="Pak_adm1_pco_20110324"><geoObjTyp><GeoObjTypCd Sync="TRUE" value="002"></GeoObjTypCd><geoObjCnt Sync="TRUE">0</geoObjCnt></geoObjTyp><geoObjCnt Sync="TRUE">9</geoObjCnt></geometObjs></VectSpatRep></spatRepInfo><mdDateSt Sync="TRUE">20110426</mdDateSt></metadata>
