<?xml version="1.0" encoding="UTF-8"?>
<metadata xml:lang="en"><Esri><CreaDate>20241004</CreaDate><CreaTime>16061200</CreaTime><ArcGISFormat>1.0</ArcGISFormat><SyncOnce>TRUE</SyncOnce><DataProperties><itemProps><itemLocation><linkage Sync="TRUE">file://\\HP\D$\05.IWMI\Maps\Map_Packages\GWV_RYK_2024\commondata\shapefiles_of_ryk_atributes\Cholistan</linkage><protocol Sync="TRUE">Local Area Network</protocol></itemLocation></itemProps><copyHistory><copy source="C:\Users\USER\OneDrive - Higher Education Commission\Documents\ArcGIS\Packages\GWV_RYK_2024_47CF8A96-6DD7-4F6E-BAE2-9181CD933B2F\commondata\shapefiles_of_ryk_atributes\Cholistan" dest="\\HP\D$\05.IWMI\Maps\Map_Packages\GWV_RYK_2024\commondata\shapefiles_of_ryk_atributes\Cholistan" date="20240906" time="11113900"></copy></copyHistory></DataProperties></Esri></metadata>
