<?xml version="1.0" encoding="UTF-8"?>
<metadata xml:lang="en"><Esri><CreaDate>20250123</CreaDate><CreaTime>12065500</CreaTime><ArcGISFormat>1.0</ArcGISFormat><SyncOnce>TRUE</SyncOnce><DataProperties><lineage><Process ToolSource="c:\program files (x86)\arcgis\desktop10.7\ArcToolbox\Toolboxes\Conversion Tools.tbx\RasterToPolygon" Date="20250123" Time="120655">RasterToPolygon 1.tif "C:\Users\f.faizi\OneDrive - CGIAR\Documents\FAO MAR MAPPING\PROJECT DATA_FIZA\Hydrological Assessment\Watershed Analysis\Watershed\Sariab_Watershed.shp" NO_SIMPLIFY Value SINGLE_OUTER_PART #</Process></lineage></DataProperties></Esri></metadata>
